AGO,LMI,101123851090.473,-2.58009724295775,9.83116860880564,3.88721337899017,42.6435667789148,1.01027418614362,6.7526805695908,11.6381105550182,28.1244845605733,-18.3955246223302,-24.7389010876382,25.245670718005,46.9809943249417,-5.24318505457681,27.2147084388277,-19.5369241816949,69.9064777186043,1.84246367310502,3770,28813463,24.4433078827485,-3.0509078026019,7.72399997711182,1571.27817489337,54233.8196868746,9538.52132312094
ALB,MHI,11883682170.8236,3.35000000000005,19.9067141794854,1.70000000000026,21.1307770677668,1.85792187551068,5.66195176278477,4.29999999999986,28.9234170998698,9.55486284602981,6.80995906675965,45.7458425718742,46.6747692426577,5.3217318028593,25.6771898476937,2.51874857965306,92.5449296424812,4.37652617806894,4320,2876101,16.715018944643,-7.57514917303153,15.2200002670288,5447.4296461249,13730.6688287584,13264.8026807538
ARG,HI,554860945013.62,-1.82254217028903,6.35390413957503,-4.53815894977147,22.1874978578954,-5.52942493474478,13.6009428617082,-5.19941824629092,12.5838323891873,5.29266934793135,5.72719237499264,13.5380814169803,55.8748106172993,0.198597282632178,17.0270224716302,-3.53011223498821,83.9272265549415,-0.825268611888418,12150,43847430,14.0873062329185,-2.64805834592845,8.69600009918213,305181.31225101,24227.3209284146,17668.9736640635
AUS,HI,1208039015868.395,2.82731051096303,2.4305798250667,-6.39097744360903,22.258261609396,0.811625844306477,6.06747151730172,-2.36202148702634,19.2530266256288,6.86528627377531,-0.134507077700903,21.5184465691816,68.2714069139385,3.65422457965532,25.295492177652,-4.18131522632343,76.9698675105628,3.13191555324831,54130,24210809,20.7140617637314,-3.40339873296012,5.71999979019165,79292.7371934666,141164.714408535,95480.0248183942
AUT,HI,390799991147.468,1.45091543821485,1.10158899771897,2.66138021888933,24.7109938009083,1.17067848325405,16.2069768397641,1.29132987519694,52.2618340403307,1.91540868438524,3.1409925805046,48.9051786808671,63.2605118663361,1.36976256810762,24.1181440245785,3.47954498132232,72.7057852641342,1.67502534355334,45850,8736668,26.2778059968934,2.49535837512345,6.01000022888184,28957.3076947278,99335.7323537197,87331.5565608742
BEL,HI,467545548764.571,1.41229201545339,0.61749191345839,-9.09447435959203,19.7909233893634,0.703243023081583,12.7422650265829,0.349411429841282,82.9377757420786,7.51720407031749,8.36422848513989,81.6069268870647,68.8538734960168,1.38969050177369,23.9515886339849,4.64887898232624,74.7175625110013,1.18142438458062,42640,11331422,24.2044038708826,-0.600899138872702,7.82999992370605,56860.366526747,111235.415551807,97683.8155550909
BEN,LI,8573159696.61128,3.96485991037314,23.2404164298103,10.7409006825285,20.131314956823,2.57539943609024,11.8739310190454,4.62812560573755,24.8278328737829,14.6869270312644,5.92141234304803,36.2628237785,47.5864599443661,4.06365594838158,24.587966374204,0.167444632182992,89.3142447945044,2.92476387673119,820,10872298,12.6877766607718,-9.43344644420728,2.54399991035461,1067.74574607075,2623.16119134216,2502.15169887306
BGD,LMI,221415188000.475,7.1134894741232,14.0455462197579,2.78626795010173,27.3461176033502,11.0937338429127,17.0302468647422,11.6908152010428,16.6497149603036,2.1967496434186,-7.09188462143744,21.3045813926876,53.6713010179276,6.24690070732845,29.6525653284138,8.90937215069245,75.0222507376373,3.39913311480554,1330,162951560,37.1161882683899,0.420654913693236,4.34999990463257,930.988995377682,3805.23658036561,3678.27654730225
BGR,MHI,53240950226.2443,3.9367581489791,4.05481780516307,5.33068737810929,24.4266440029746,3.95498479028456,14.4916604695634,5.96812763890446,63.97864655264,8.10669709831868,4.46105944759603,59.6651439498566,57.8009136300861,3.0748131465672,19.1440560926379,-4.62571052005134,76.5424413045788,3.2709676625486,7580,7127822,26.5017273557846,2.65344625517901,7.57000017166138,10199.6361302612,15367.1284219115,16939.35145454
BHR,HI,32152686170.2128,3.21593363864166,0.333018732924105,6.91554467564262,39.4262416445468,2.76915098503787,18.0816929858446,5.20937806043584,73.9663887650431,-3.98738262910798,-3.43593262632564,65.5871543772608,59.4289547628875,3.88361073037009,29.5743961036974,17.9908958485069,62.1284247949238,0.211544273194321,21330,1425171,23.8524460664333,-4.64290647765276,1.2150000333786,11842.4495298318,47921.8210547949,34552.3912947125
BHS,HI,11838800000,-1.6895498556456,0.880156772645876,5.19187358916477,12.3255735378586,5.14431393972504,3.16163800385174,42.037037037037,35.8085278913403,-1.60149054746054,1.40427777101344,37.6778051829577,76.7696050275366,-0.30315666099419,24.7229448930635,-0.154893335633375,76.3151670777443,-2.4095203419644,27850,391232,23.0370353532106,-9.34463701558621,12.6999998092651,10592.6896698413,49687.332968424,50808.0430489734
BIH,MHI,16911088173.7458,3.14406999762494,6.37022564342162,7.59915144095326,23.1666265056816,4.68872621544082,12.3708821542921,5.38680471720028,35.5292746825763,9.32626710709226,6.69371646702695,52.2324663855899,55.473228787684,2.02950053988506,19.6249159085828,10.8068058527471,100.867674598698,1.79470143663951,4950,3516816,11.1380226442228,-4.65235830453249,25.0599994659424,6036.97537524968,12611.9213254066,20607.8508539419
BLR,MHI,47749057078.1997,-2.52644643552361,6.89528062433517,3.9369688151063,30.9584092512823,-4.66976346416355,20.1521869635278,-0.0500183075992169,62.5093471231924,2.59996276289691,-1.40011676722351,62.6999757764695,48.5229965560459,-2.50008532223222,26.4775827022928,-12.1681861514294,70.162929572718,-19.7480674541853,5630,9501534,26.5283139369556,-3.37577346786169,0.488000005483627,11630.9044423437,13125.4844876954,9319.17442093679
BLZ,MHI,1806646250,-0.588023649731511,10.2387503917826,-22.791506883987,13.8284791502487,1.4777195585586,6.50392405264727,-7.53825238235709,51.6839779785334,-9.67827590819678,1.59169331715307,60.5358962774256,62.8867245040361,5.76834469409965,21.184725565395,-0.592553713502085,89.6532096418986,5.44147663877573,4430,366954,10.2123375658627,-9.04749911200031,7.90999984741211,5262.01458707135,9244.21755187862,9887.37905627484
BOL,LMI,33941126193.9218,4.26391940393987,11.1718754576911,3.13345489551624,25.3263591503227,4.00836171088328,10.9842214139234,6.18482321057958,24.488005709998,-5.71434031757424,-4.1926714498825,31.9130288352972,49.8023324477813,5.56931313475633,21.0573615122827,9.86203878081227,86.3676616130164,3.13060041156041,3080,10887882,15.3122676441563,-5.69089798734018,3.05999994277954,1953.45888767166,7219.02751992954,4888.51858832597
BRA,MHI,1793989048409.287,-3.46816285562606,4.89138608590072,-4.3114692378482,18.2787914324856,-3.96007093571659,10.3085269326859,-5.5727592067886,12.4946188451866,1.91579365583279,-10.1612976861015,12.0796638879327,63.2304157085683,-2.60551051636523,15.3872398501635,-14.2854754487547,84.1978051925827,-3.46932927722364,8850,207652865,13.8779252449336,-1.32020278380633,11.6099996566772,11033.8148535476,25411.9517992942,21172.3725770909
BRN,HI,11400653949.1783,-2.4655149233665,1.20365462606268,-3.66012578616352,57.2893638536308,-2.94233582216189,11.4608192283897,-0.729813528336365,49.5777773794133,-1.89505907012194,2.71334918478263,37.7420239533927,42.9760421304837,3.56203007518796,34.6202628541232,-11.1009443665264,47.3735508167076,-4.21046452271567,32890,423196,56.4120154889688,12.8934670283612,6.93499994277954,94885.5454252675,230140.00015198,30593.2871249162
BTN,LMI,2219675780.89539,8.02210122067797,16.6444812123597,3.90711542554756,41.3874242734482,6.93650031109325,7.43210037453123,2.42309729495487,27.4157037214038,-9.10297884669789,-12.3854414320485,50.2740588144506,37.3667213358097,9.80043607859587,55.4472201404502,11.9694177747738,67.4111338798639,-3.4423763412842,2520,797765,30.7169898027649,-28.0532099047547,2.44199991226196,1484.50634734601,25929.7074056218,6775.97469790743
BWA,MHI,15648632361.5749,4.31548650431786,2.04944248558311,0.540813560652055,32.0903951981191,1.14349725612377,5.1939155484569,1.55205652722226,49.7494162149948,13.9645066603515,-6.22066928323468,43.1615573309225,56.6996907690695,7.20178625881741,28.5661093163773,-19.2582214352572,65.5120557861526,1.69667339859075,6600,2250260,38.1407952271266,13.7084953593596,17.117000579834,1248.07132488352,35632.4941824304,19015.4447508916
CHE,HI,668745279604.532,1.37588449583828,0.652610994733409,-2.52327583459159,25.0097416589995,1.68078550670422,17.8008653482667,1.75819420234065,65.8113126711974,6.53350452914474,5.97438356347335,54.588901381703,71.3031782500595,1.47250320127357,23.1097345638141,-2.87294045421659,65.6678541315165,1.53794135303855,82080,8373338,33.7893046739381,9.89073896592827,4.92000007629395,25269.8038251311,169791.008287973,128566.99796344
CHL,HI,250036180921.053,1.26586760300135,4.02577334337026,1.41015342563635,28.9295377017029,-1.05103228589466,10.8209902207126,-2.35976747508863,28.1835563841894,-0.112711132140902,0.172348574460756,27.329146809846,58.5267753661174,2.26826199510744,22.2458833732853,-3.89798409258462,76.8997070523122,2.91819015152063,13590,17909754,20.8396115349341,-1.39956414959858,6.73999977111816,11633.1956129109,46408.864920861,26552.4059567654
CIV,LMI,35389998638.9371,7.97174573809407,22.4262527723305,7.53902730920937,25.2258222420606,6.60389556251393,12.3679513603416,0.245365659689511,33.399075083235,2.23171764693322,1.87835761272119,30.3493025334143,43.4623307751508,8.89678908072287,17.6891489851346,-6.62238993813212,79.2610784650446,11.1944146845546,1640,23695919,19.2615554533148,-1.16979866814441,2.59999990463257,2293.4089390163,16463.3071251899,4601.84116462492
CMR,LMI,32621535418.9031,4.64848155096478,14.5430372691671,5.03719563622418,24.4597344263105,3.56308490778532,14.8610911086461,5.00753727779788,19.2393495360364,-0.633040383893132,-1.53735196140327,23.9651683823871,52.9809967909786,4.91269111083751,22.6081500398194,6.53719255266761,82.1176688065312,3.31538410486914,1410,23439189,17.2357911299277,-3.17961622378352,4.26100015640259,811.877806538971,10883.2349741883,6312.49793244394
COD,LI,37134799974.5225,2.39937909829004,18.5997536402444,3.26005803113638,41.1613816290079,0.495506134803008,18.2643923625032,8.64552309044689,27.2189841724159,-0.875603936201813,-3.71088696312012,32.3718621704819,33.8274372517629,4.50340724038692,17.3999358978483,10.5008922386936,90.6123899605582,-2.05688015076257,470,78736153,10.8250021437946,-3.59271655469636,3.69199991226196,243.563837006077,4104.97671582721,5327.78711442475
COG,LMI,9035848070.90357,-2.80001878768313,7.24227240865255,3.94102179181506,53.8779045419358,0.400031041490536,7.12930815037217,-0.518723575074134,66.465721049013,-2.03981488648804,-8.9711022107636,85.6766247406842,38.8798081193924,-6.70118708032219,27.7595826462414,-31.0080032342156,91.4513191791774,7.66286282628089,1770,5125821,-4.41042688625345,-39.7701580693413,10.4209995269775,991.482326666572,18758.2504023645,4775.25076769775
COL,MHI,282856115393.175,1.96261426732217,6.56088771896925,2.24420247693457,27.7490892800711,1.34053734509274,12.2922591989369,2.78086763070078,14.543505614804,-1.42453309617584,-4.02298221614227,21.3764228009311,56.8851815709875,2.37906809148424,23.2528473382206,0.272339980659169,83.5800698479066,1.44941592149222,6340,48653419,16.6514762227073,-4.25088641488443,8.35000038146973,5819.93859799066,24088.0864567401,12956.9291052075
CPV,LMI,1663008687.09505,4.70579150927118,7.9957410958418,-3.49979518742171,17.1303991380888,2.9153276395314,5.9322216775604,-7.44381831010618,44.2296890030632,4.44795981221355,7.36355973648625,59.9621727248371,61.7893400160413,5.52470878238304,35.2566223972293,21.5629594997052,80.4758613848647,0.643551474659048,3070,539560,31.6664509691293,-3.62001212082356,10.3249998092651,1144.15462367231,23425.0904010846,22600.35193042
CRI,MHI,57157992434.219,4.24598987825375,5.1308135554295,5.20823949042151,19.1398532689426,2.62029636524841,11.4042275388319,4.51430657561889,32.095512468855,9.41255302917226,8.93843042842283,31.8320227297335,67.512157654542,4.53242621629147,18.3774127528674,7.5489414810738,81.3590975080107,3.61885413119714,10860,4857274,15.1919938216097,-2.19965060127479,8.97999954223633,10763.6175585259,24235.2641406725,21493.5800272667
CYP,HI,20453761061.9469,4.81218762402544,1.9251819882965,3.83497421472107,10.3130306865258,13.1592323196915,4.5654995619301,12.659660694821,64.5336448497041,4.58190138649483,6.57554394684787,65.1372078181956,75.3741441412208,3.90791853754529,16.6231300905344,21.8810102337214,83.9803787952537,3.39471721270281,24430,1170125,11.574716866391,-4.95891185672932,12.9499998092651,22690.3913204234,28265.4538246457,44281.2371824318
CZE,HI,195305084919.138,2.593326020384,2.20621632266553,9.36013956498493,33.8156891335864,3.78190263510496,24.3522638710813,7.01406637784088,79.5411083456939,4.53434485110166,3.35334165292606,72.0576589486387,53.9043710351878,1.61869890483592,26.3397608333124,-2.27262691171011,66.1767897696324,3.13468652262409,17630,10566332,26.8516696415341,1.54420345735691,3.95000004768372,27112.0474880315,38599.1071030338,42413.2068783186
DEU,HI,3477796274496.804,1.94362542781317,0.553171864315135,-0.577185433938496,27.465943607767,1.87321456607567,20.6354224646555,2.14104736141039,46.1192411062165,2.63031215240382,3.91831308872801,38.1480256357246,62.0539431624815,1.93714750622051,19.1978817130771,2.140731856402,72.830902816431,2.49530976193906,44020,82348669,27.5972783974804,8.54906927393971,4.11999988555908,38593.3339254859,92557.4055899183,78433.0756795203
DNK,HI,306899653409.601,1.96407712946747,0.800789172308106,-1.16456834532374,20.3379345796292,3.59015918016658,13.2697019596682,5.38470228370815,53.5840930278485,2.84005796458598,3.83557512773845,47.39002943907,65.4706620934945,1.18991993284179,20.9773945503354,5.99639924654754,72.8285418608861,1.43137791226107,56990,5728010,28.2975889107927,8.04652118231777,6.17999982833862,54398.9842933772,128463.814099732,101572.721235349
DOM,MHI,72342967648.3354,6.61220822292972,5.78451660212736,8.5701302454644,26.748963800146,9.01776716596825,13.3153157192653,4.23848120904226,24.920178332972,6.55027139694209,4.59102919199145,28.9171864911386,59.9536715822323,6.19959395473941,21.9440374588778,11.3502926977628,82.0529706992889,4.80932489535301,6480,10648791,20.4416739892906,-1.12616336664584,5.48999977111816,6946.11516804995,27146.439000593,12852.8909173897
DZA,MHI,160129866569.935,3.29999999975597,12.2127913726528,1.80000000000003,34.7402010452546,5.57687499569801,32.8443246772388,6.02719147163479,20.8600106281793,8.70000000000009,-3.00000000000004,35.0322328950993,48.065641132389,2.66879296519826,50.8065313602329,-2.36721552508551,63.365654387656,2.60000000000002,4370,40606052,37.4140225465961,-16.3642466567334,10.1999998092651,14315.1149941297,18988.6026453159,20200.2321986543
ECU,MHI,99937696000,-1.22638398463877,9.51901672818233,0.859837312844022,32.0230096159111,-1.508637817915,14.5504885363777,-0.880360444797816,19.5047912651498,1.42107964464735,-9.6203357242257,19.016549070733,51.5542623676255,-0.798191507701446,24.9790349379277,-11.4939110726155,74.5327228676555,-1.97227098134091,5840,16385068,26.2767916858286,1.32266917003935,4.59999990463257,4265.52230986842,20904.3252821997,10668.8898310085
EGY,LMI,332927833278.038,4.34664345555436,11.7693159703255,3.0968592562597,32.4559570384587,0.176651124705842,16.8413264929505,0.756330209554662,10.3454639403558,-15.0293542074364,-2.22275912056053,19.9010851110947,54.4832804310917,3.61791543298344,15.0402303092936,11.2338858195212,94.5153908614453,4.5562576082546,3410,95688681,9.73658166272975,-5.97552923230235,12.4099998474121,5099.77725490719,12032.4722060114,9552.45474915695
ESP,HI,1237255019653.859,3.27446273967742,2.5113497991099,6.93251533742331,21.2973012600557,3.09979750724436,12.8765460133998,3.51619299405155,32.9466027489848,4.75382103470024,2.68551960690364,29.9294068422436,66.928142673993,3.04468665300912,20.4878402034113,3.05542629536499,76.4949638898475,2.46869954686608,27580,46484062,22.4317736454999,2.25506058238207,19.6299991607666,47281.0718298944,86271.6916530635,70255.7362552834
EST,HI,23337907618.5174,2.06326278488234,2.20465846985322,-16.2304425031845,23.1216847103184,-0.240216272059683,13.5245298548698,-0.198606774454575,78.9813617249699,4.09058397518707,5.25469231972473,75.1214879360616,60.5482360386553,3.30867692715164,24.2426377309481,1.59504872743494,73.4816321568608,3.71775876271725,17830,1315790,24.5151220840027,2.03449560165464,6.76000022888184,24137.3006212036,31319.0620278997,32013.7670392054
ETH,LI,73000980433.9486,7.56176669205257,34.7552494457518,2.58968821835823,22.1014773463823,22.7623727266382,5.57792791302277,18.3902012789666,7.94801972649952,-8.14108475374989,0.0479786058373008,27.5583169021532,36.4814473971908,8.58822423143044,37.9986855055905,10.5785687886635,77.6240091819965,3.29995995633585,660,102403196,30.4593351822045,-11.3277337419018,5.09299993515015,537.901689397414,1962.5989533943,2219.33990896354
FIN,HI,238677672281.611,2.13538181526189,2.31307902286199,3.10045473336089,23.3574172857586,2.15345638798408,14.536573157902,1.85517439356968,36.0327751850324,3.52265527050164,5.74781122105372,36.7747586584049,60.3685354516089,1.65862431224515,21.8975497397728,6.28502802241793,79.144285893045,1.78038578355624,45040,5495303,20.4906720767553,-0.353336947756381,8.81999969482422,69759.4352620695,110176.401765527,83430.8430783397
FRA,HI,2465134297438.906,1.1876503808742,1.45039325701527,-9.73890334724162,17.5638795854558,1.09669416766205,10.3109709912374,1.50418366805378,30.1554630596868,1.84793318990502,4.21188615117558,30.9734322668189,70.3379928276813,1.30021438028397,22.6857784909413,1.94934230095515,78.1321907161908,1.91613627813913,38780,66859768,21.3728304667041,-0.758230735228113,10.0600004196167,52472.2110820301,87161.4175768972,95864.2596779501
GBR,HI,2650850178102.143,1.93579094969158,0.537102883852838,-6.2522334060202,17.9851791183363,1.45236543837901,9.01502614715651,0.233807641512925,28.2552280306075,2.32248758749299,4.83193850541383,30.3270852147215,70.6039949860211,1.8461144327114,16.9685801179742,0.926806907415894,84.654901846931,2.46834825836035,42370,65595565,11.8134855676529,-5.29155287664349,4.80999994277954,49138.9419258422,76650.7092065797,77433.8398379601
GEO,LMI,14378016729.1587,2.84897337602513,7.72741737476159,0.268662582155656,21.4503126531043,6.18809027205612,10.3838481057022,4.20124742410212,43.604243241451,7.72770424142506,6.32260974184678,59.3253576738686,58.5298329963881,2.3128406463027,32.727218224858,8.10583453393659,82.9938962075596,0.901081373144237,3830,3719300,19.8436688157907,-13.145542251192,11.7600002288818,1376.02073105931,14383.2030917989,11054.6604189574
GHA,LMI,55009730600.0307,3.44779299129728,20.9768913102422,2.90710466115563,28.2266587699677,4.33014203321487,11.1224435566182,7.91907393150535,31.8806747115398,14.8002412108575,-1.1426871165462,37.4769955168535,43.0914144878986,2.79291464474754,27.5948629398291,13.0103394391466,75.8116084509343,-5.34385676609246,1840,28206728,24.614787049731,-5.14826602444443,2.25999999046326,1952.75425218873,5698.66539374956,4019.99261493355
GIN,LI,8694360304.56367,10.4541058171845,17.8275330877162,4.42353706751584,31.0482175637685,20.7067800551435,11.4778276999705,5.56654039181697,29.4231556245908,24.1148239457111,65.2090626265126,81.5484293765003,41.4942964608018,5.705392568951,51.8203417245407,153.790634714548,100.304932027369,4.87674841496728,740,12395924,-1.04603676380658,-31.5714147080116,4.51000022888184,550.29170101674,10924.1585751558,3801.31103323496
GNB,LI,1178204501.38801,6.26280563780463,46.3483590123963,5.32917080785104,12.5535840489187,3.59591020961001,11.3282821102253,6.14880493446415,26.5081142999537,10.6857143135282,14.6407794214075,31.3041101104292,36.3528748905294,6.98814000346344,7.82309374456687,-0.925347464778952,96.9728409510941,9.08442699119796,640,1815698,7.74854227952804,0.853525002506187,6.14499998092651,740.55826734518,2722.22431065513,7418.9944894079
GRC,HI,192690813126.86,-0.24431474084669,3.45722901760207,-8.7566508895809,14.2339903997723,8.70827432986128,8.59973903712919,8.53492705431343,30.458732552658,-1.8204842988866,0.253516311566898,31.1811364663292,69.4604937994804,-2.55436696365705,10.609862858324,7.41997883325971,90.1125410553471,-0.349582410423253,18870,10775971,10.0755598089575,-1.20416865213148,23.5400009155273,18025.9446265021,58384.2278674816,64326.6799055025
GTM,MHI,68663653469.1246,3.09248255769093,10.0094301495352,3.1197454651826,26.0254688773446,3.053399597378,18.331608975908,3.55528119727384,19.5421021395766,1.6686522291498,3.45610593465533,27.4627762045957,61.4756047339696,3.542102374523,12.8876091361113,3.15444741044864,95.0330840919835,3.45623698383699,3800,16582469,14.3670382125143,1.49045375288716,2.82999992370605,3061.06740996685,10237.0382268597,9599.87160617491
HKG,HI,320881182123.855,2.16292329544639,0.076201151769569,-1.96280991735537,7.47518042569866,3.11579273830887,1.07773641628151,-0.441345547602268,186.99895133083,0.691783450161878,0.868325045822488,184.708901964689,89.5129871172679,2.27047755347304,21.5377456664108,4.82978739367283,76.1722049674479,2.01048184695907,42970,7336600,25.4988809051738,3.96134285340892,3.3529999256134,12944.8678090054,41877.4412150222,73730.3689569466
HND,LMI,21643936938.9096,3.75214890971107,12.0972168744978,4.6371872949357,25.6660285817012,3.38308979223882,17.2027598776544,2.91246749897931,42.6109376571228,0.397714654876523,-1.01145968416888,57.8769434158716,58.5855677603946,4.50449813007037,23.3181375904344,-3.98706849218794,91.9478884014282,4.33266452455163,2160,9112867,19.53109586009,-2.71205831249952,4.67000007629395,2164.60096503878,5627.84191078543,6140.01362957929
HRV,HI,51640880494.2725,3.53612954934364,3.13590163363764,7.30079513980509,22.090480635154,4.98142755892361,12.6711953192657,5.96286439621139,48.7393803682242,5.61297967108713,6.20781764230107,45.9533289233074,57.6992349855425,2.76992723527914,20.7639612979879,7.73924880019217,76.4499872570954,2.74029211900835,12360,4174349,23.2812503548722,2.69142176373924,13.1000003814697,15008.7555899318,31075.3875058679,34969.7876054901
HTI,LI,7970649131.23416,1.45270702675018,17.5279402633351,3.03417438518028,56.6663161350922,0.807537012112846,6.88206597092342,1.50793650793624,20.72184401054,0.666855845629925,0.84059638101148,52.6200510377962,22.8968670565156,1.31370879455058,30.4857318603859,1.06943073379402,101.41247516687,1.21499422379812,780,10847334,30.0929627373497,-0.909077129735377,14.0019998550415,950.582454587732,7664.35198854653,749.040506373482
HUN,HI,125816640420.569,2.21318749036379,3.71871852089422,9.85595018923262,25.7843830885774,-0.664161196615581,19.9038602700371,0.0803026855930256,89.5368336593232,3.44028517688227,2.93694220460546,79.4558123698487,55.0341583588178,3.31997333018239,19.7773086183298,-3.69659090128958,70.1416700921957,3.32726303458844,12500,9814023,22.8615072799853,6.19891740803253,5.1100001335144,22572.6259091295,27068.9015788226,29373.1995643121
IDN,LMI,932256495234.247,5.03327959153033,13.471110915125,3.35517016664365,39.2931954810074,3.82507955323941,20.5146275694663,4.25651004593767,19.1209518518101,-1.56782505786558,-2.44610779536534,18.31794264625,43.6603645423027,5.65920518027276,33.8449919147498,4.98587001229826,67.3272231932348,4.34070403707597,3410,261115456,29.950399853304,-1.81841107803349,4.11999988555908,3481.7490643462,16107.9911542455,8001.707258184
IND,LMI,2274229710530.474,7.11268609734361,16.2845948141324,6.28583327104502,26.5778659240858,6.77961044241515,15.2698550606084,7.89559025625204,19.3149223941772,4.95188749536656,4.01378193787896,21.0342569113177,47.8799755289869,7.5007802671643,30.3473430441626,4.70264720520018,69.9419231097359,7.99848627716331,1680,1324171354,31.4008144898205,-0.532654535787557,3.50500011444092,1620.50208290208,6155.16969441825,7406.6557153716
IRL,HI,304819018067.107,5.14146015448682,0.924812867718969,12.956033957682,36.418908498148,2.97796348685884,32.1394027080882,2.70872609944144,121.582355077947,4.61273170892366,16.3698723428166,99.5756605197065,55.2904900476145,6.36143362732959,32.6762846508164,59.1647305709415,45.3492851650288,3.71650737077968,53910,4755335,36.3162013748591,4.70722441525503,7.8899998664856,28288.1938721262,283007.699615877,121822.216045628
ISL,HI,20304098101.4115,7.48145023856483,5.11394439629173,-0.446978181136458,19.6580509802932,5.67391354848176,9.29104365537454,1.82694401548547,48.3775398525959,10.9073313574616,14.4592902669874,42.0419203066351,62.9613493677015,8.31108315460263,21.4741091037062,22.4892084463099,72.1902713544096,5.56748173875772,54970,335439,24.9409782715913,7.81784712692101,2.98000001907349,120752.099844592,107002.005833842,59570.8475486669
ISR,HI,317747542489.389,4.09433559145759,1.16816335386486,4.05909225656902,18.6723082209744,2.34255742400451,11.6808159979071,1.11219968738247,30.2672893653797,2.54531249270715,9.40489746413019,28.1786848855617,69.7641488525655,4.54268789882101,20.4830902775771,8.08985365342775,77.4283169689352,5.47043781962975,36250,8546000,24.2733329064867,3.82114678366252,4.80000019073486,84612.4822919289,80596.8117959077,65109.1174369033
ITA,HI,1859383610248.718,0.858262630008326,1.89270567009178,0.315175656530414,21.4380384498486,1.17359738278809,14.6514993532519,1.17942066353396,29.8015328373315,2.40835231464121,3.54204021442526,26.5495050085127,66.3926744674627,0.617814444323344,17.0949775308351,0.659149026103705,79.6529946403461,1.22822938670682,31700,60627498,19.5768971347626,2.54666374020642,11.6899995803833,44242.4752554907,74111.8232472916,88916.3443131303
JAM,MHI,14072135208.5664,1.38065838326224,6.597095833189,13.0006984100899,19.0931562811083,1.09699328449328,7.66632575936109,1.94014709611972,31.2884762919885,0.925319865783834,-3.0322593920563,44.6414425546583,61.266267155862,0.663422795694373,21.2886296150965,-0.0947125228569234,92.0643366475732,-0.108071080412415,4600,2881355,20.1010691855876,-1.18333291329186,13.1899995803833,3677.6317301536,12364.6016262087,10484.3451536829
JOR,MHI,38654727746.4789,2.00373364209914,3.78691866152101,3.83285779950298,25.5063842253547,0.971235933110435,16.0161867414669,1.14548954312137,35.1424680603269,-2.75591936241575,-6.65963844361852,56.1740954544682,63.8993564138376,2.69115269428029,22.1551311652504,-6.81049441958234,98.8768602315202,1.45537240837814,3920,9455802,12.6116311622061,-9.54350036741128,15.2749996185303,11480.3130545328,15155.8022371297,14233.9489047673
JPN,HI,4949273341993.877,0.938193886449625,1.1503293367689,-13.1068849799805,29.3004606963226,1.98933146356003,21.0489523736651,1.96338917877912,16.1191525683736,1.33853063786332,-1.90271702761396,15.1474298805934,68.7777859907162,0.356482410582217,23.5642844646574,0.276752842054748,75.4639928475624,0.384320425195185,38000,126994511,27.3346795330191,3.9196860109098,3.13000011444092,22653.3846105912,103794.304012137,91829.5414041313
KAZ,MHI,137278320084.171,1.09999999999941,4.55600427070659,5.40000000000001,31.9797903606788,1.71045099591774,11.3301396708405,1.79999999999984,31.8438886422836,-4.5000000000001,-1.99999999999993,28.4677079441317,57.857435042574,0.899999999999878,27.8275828886455,2.49999999999983,66.1751702906997,1.41333360311584,8800,17794055,24.1153980581318,-6.4722265287449,4.96000003814697,5498.02045274542,37255.2421196716,20266.6373204522
KEN,LMI,70875223143.0362,5.86919769831908,32.1353316800449,4.70224483880317,17.455273015689,5.70953983023411,9.08848540348147,2.68875845784102,13.971218547522,-2.61482676772664,-6.27580675270764,22.7801572583935,44.7406203959969,6.49248014631946,17.2932941181213,-9.81402246404349,92.3748569496842,5.27614658798431,1380,48461567,11.2173861406494,-5.21668535232862,11.5200004577637,2012.59453127276,4459.39516052705,3440.69225349155
KGZ,LMI,6813092065.83507,4.3358559012983,12.8344731564928,2.8661770526494,26.5464240007793,7.06698092588883,15.4342608672285,5.84653825526328,35.8254088751692,-0.81617218396913,4.76571946795643,69.9981651422372,50.1483211681284,3.36994134968411,33.9391792937351,1.30924239168178,100.233576973333,7.74767401273446,1110,6079500,22.487477008053,-11.6282389656902,7.21000003814697,1507.24149348936,3438.60226348444,2590.83948078813
KHM,LMI,20016747754.0192,6.86309209821934,24.7426644196582,1.3236015574162,29.4519627452464,10.335475752857,15.9951855887861,7.04661444881387,61.2815249294976,8.61742357093553,8.61384033184582,65.6685040464904,39.8859808153612,6.7837391985482,22.705832477717,9.95755867340789,81.3297336676265,6.68399716230668,1140,15762370,20.3335217192546,-8.43026032529629,0.197999998927116,1694.72280825795,1876.93797956528,1593.17992940008
KOR,HI,1414804158515.258,2.9293047947001,1.92759592297656,-2.76841450323747,35.1297976715601,3.27578998608359,26.7818278387074,2.35671886731535,42.2842014732736,2.56099531929299,4.72754469612622,35.4286307716109,53.7499284315983,2.4799595274965,29.2523873391538,5.61021375014796,63.8265766671174,2.98115017329485,27690,51245707,36.0352219297899,7.01461042524422,3.71000003814697,18795.7014243748,68506.3128618358,37151.3269793389
LBN,MHI,51483909754.8922,1.74074199044236,2.88847913839886,6.0554833468609,15.1188136759221,0.136137507737374,8.51040981963063,-6.56175055064917,23.9522967599038,-3.63704503864474,9.76431790819923,45.4872037863656,74.0274520991462,0.987141597793254,20.8244099732406,7.58761982185487,100.710497053092,5.67131667510046,8120,6006668,2.46161971341785,-20.3441387208943,6.5789999961853,24782.4571136006,13280.0471496748,19915.0581580275
LBR,LI,3277826000,-1.59958407502003,37.2421843014242,-22.8276877761414,7.98544828187951,11.2903225806451,1.95251364776532,-4.80000000000001,21.4166340739258,6.00858369098714,-1.45631067961165,100.259806347256,50.3438864662127,20.479704797048,20.084043509326,-2.10016155088853,158.759128764004,-2.99896587383662,610,4613823,-38.3331797892194,-8.42144962519624,2.33800005912781,1166.11507113072,1719.8486098236,2546.95817123821
LKA,LMI,81787420023.358,4.46882968833408,7.47980931581811,-3.80190933889281,27.2869339069205,5.8013971729365,15.7469434217231,3.15423993193984,21.3328438402052,-0.74218750165484,7.89473684241504,28.6756428337663,56.8641003727811,4.68462532851044,34.9792322621764,27.103737812571,72.363566731263,-3.26964857464942,3790,21203000,32.8283260703754,-2.13040063463467,4.36999988555908,2508.85753361218,10102.7303325099,11676.3347159409
LSO,LMI,2323419619.1784,3.17898668264355,5.86870399239729,22.1746179512662,32.9634076117824,2.99326719713306,15.6983811893176,18.8513602689819,41.6617845331269,7.76478626000976,0.763965077706331,81.9848128459701,52.130980246773,1.57501970210454,27.9100562122845,0.513876297672226,110.846979727185,1.77297830664513,1280,2203821,22.6018907999859,-8.53043905700091,27.7819995880127,2511.92158472349,2765.82419444498,5497.86964668364
LTU,HI,42773029835.3222,2.34488073938846,2.98696932061041,-5.18251063380704,25.8211127679799,0.4330167349041,16.989590820486,3.05271048004494,74.4514483257309,3.45462558930821,3.52779177547231,73.1586707222345,61.1605773992543,3.60961056746407,17.2446515424777,-4.37306152953197,81.4625708540258,4.15215885686891,14790,2868231,16.6566418838303,-0.805952992766292,7.8600001335144,12168.1359084875,35536.2719515539,30263.8110359142
LUX,HI,58631324559.4484,3.08264331605726,0.242412113157273,-4.48833198796507,11.6945516061694,0.241713450601822,5.05836860704083,-0.945169530407824,221.26777554408,2.69907807457426,2.11766848446592,186.163328260017,78.6470510007051,2.6455354602643,17.9454523504551,-0.0268239292944656,46.9500984788598,2.24351971855612,71590,582014,22.348224274593,5.1393198143011,6.28999996185303,50865.0780603245,228523.750070875,210423.043924078
LVA,HI,27571513793.3984,2.20881929833494,3.424962359006,-0.598146156603676,18.5611373231002,-1.27913791911006,10.6745682564247,5.56429561293805,60.0419881281174,4.07828210417476,4.54107091906526,59.1453924691212,65.0136724800032,2.42891861228389,19.5790138314329,0.159973730814073,79.5243905095709,3.16313146282465,14570,1959537,20.961933334974,1.3672338052975,9.64000034332275,16500.6272929647,25202.211720712,29369.9923753815
MAR,LMI,103345296966.607,1.12597745123138,11.9929870880728,-12.4797210219089,25.9860550791814,1.01304875581631,15.772540128399,0.726317538432326,35.175357329963,5.49023780399804,14.6893925761323,45.4451097568074,50.3168537796024,2.86783069355101,32.6375672259829,9.84750059511646,77.6321852008615,3.07100437958962,2870,35276786,28.4485841939861,-4.38447110436869,9.39999961853027,3106.17580224632,12375.4126383925,12062.4819952149
MDA,LMI,6795731286.20042,4.49999996561689,12.1098180236783,18.2000008492882,18.5149905066805,2.30000092496319,11.8162401648057,2.80000099822631,43.4636113347768,8.80000005026528,5.90000005806088,70.9422130986841,56.1321198520872,1.27981204247483,22.5308426992188,7.30000025834177,104.947759064689,2.99999987798047,2140,3551954,18.6745868607773,-4.18924745565055,4.17999982833862,2314.72075568983,6400.58931079919,6619.40624797894
MEX,MHI,1077779580638.766,2.89785956923329,3.34969860149194,3.52171338911343,29.4401185863568,0.375224369109702,16.9140571778758,1.49705451451705,37.1015481416485,3.48986920003596,2.92408099751323,39.0802661870311,60.9611276319993,3.85167926306269,23.7377872712592,1.27914336299553,77.6428955406432,3.55761698769716,9100,127540423,22.2395672370543,-2.21860035067223,3.88000011444092,5519.39783976663,26743.7784807884,23459.327704585
MKD,MHI,10672471860.7184,2.84844146117298,9.1727401877958,-0.382326642617087,23.9630460915105,-2.88413821288522,12.2889398868518,-1.53004992112032,50.663842164107,9.08123190933262,11.1261176268078,65.5217343790718,53.5495422792727,5.90389447774891,32.5096882119049,12.530869975304,82.3482040030599,2.14414394801152,4980,2081206,30.0313651092676,-2.90235461005472,23.7199993133545,7658.53713424295,12392.0438862376,15530.9933250576
MNE,MHI,4374130530.97345,2.89999999999976,7.46823515368667,3.86950004937296,15.6549696096367,25.8363172003293,3.7355337874986,-4.10646780883577,40.6006351704789,3.96959459459467,12.5188536953243,63.0722312955242,59.5984182950139,-20.6222994388717,26.0987392184642,33.4101382488481,96.3781929860144,4.46666666666684,7090,622303,9.8528714141623,-16.1717556016805,17.7000007629395,24207.9206231722,26007.4326848465,14810.0674556763
MNG,LMI,11186734674.3847,1.1683934561722,11.6893797400945,6.21395198724224,33.8810482213897,-0.443340663244896,7.3243570265262,-0.798129340622083,50.2009570909236,13.7903498417632,12.7422563761131,45.410452390384,46.115055019035,1.1202851044489,25.7347513042401,2.12578240009319,69.4747456508283,-0.190058084350739,3530,3027398,24.1858392982277,-6.25447042041796,7.23999977111816,4538.48263199479,18853.7086406385,8308.36140911437
MOZ,LI,10981358030.5316,3.76327559260542,22.6179903328615,2.6012485241379,19.760445277901,5.42362042385942,8.70397860841202,3.86767651243804,36.7895460192403,9.37070071482262,3.71378823569273,74.3653348863146,50.8776231264207,2.83701650449319,38.1182105591914,1.1809822448643,99.4574982050474,3.28115286192809,480,28829476,2.90833944924543,-35.0228315318291,25.1539993286133,480.634275388154,6815.20728539635,3764.07857894723
MUS,MHI,12232463655.5727,3.83795242599929,3.18785095396363,3.65196264520537,18.574997826412,0.539714867617121,12.3989511575219,0.318792339607626,44.5838556461537,-4.60657527815498,-0.147052322242345,53.8461007670811,66.9981157866894,4.67776051513394,17.900934987867,3.42656668851286,89.003484641128,2.94000452020202,9790,1263473,7.7860665175462,-4.01678297353813,7.30000019073486,10230.1501120822,15584.2098192695,22386.2812296159
MWI,LI,5433040159.88747,2.48404062641867,25.9270434125021,-2.33004056017265,14.6462015662851,2.39997129419041,9.51888674553635,2.63927921529614,32.9669183147695,40.1000146611041,54.6056865345384,44.9407964726541,51.8519078685961,5.23866061491506,10.7802797933837,-1.61152978832689,101.752468011638,16.0025876927633,320,18091575,3.81848651042119,-16.7824116977814,5.85799980163574,375.433183486234,2019.30292962752,8884.26489147663
MYS,MHI,296752886724.682,4.22341019438007,8.65363682149762,-5.17712614941311,38.2858117658527,4.27605539699485,22.2190541177235,4.41890333725887,67.7885818264529,1.32169036422935,1.27180846608583,61.0358077041803,51.7178437393381,5.70089772693771,25.8341050510958,3.28384273067795,67.4131208266316,4.91867428153594,9860,31187265,28.25986140562,2.40361296886845,3.44000005722046,16742.8841880587,33320.5687833914,19947.2513794317
NAM,MHI,11281259987.2185,0.641649561288446,6.15716007882177,4.678579996232,29.0993727028975,-6.18543061085236,11.0221278254858,5.59829134467797,41.1049945063964,7.69436452988958,-4.74526710361644,62.177522197107,58.2123802590939,3.24495922784824,23.7899285400188,-28.2829834309224,97.2826041564532,5.14755544932268,4700,2479713,9.65759944277803,-14.3093272321876,23.3500003814697,6099.96556949328,25982.4703063549,20827.355805048
NER,LI,7528285443.60769,4.92593093257608,38.7842086223368,11.046968436142,16.972247826384,3.73503737732665,5.94180320249264,5.88082369375496,17.1732200345495,-7.17294091623772,-14.5339320076972,31.5331665503724,37.794699546517,2.70787221348947,31.8976286501797,-11.903998239742,82.4623176175648,5.51458210926239,370,20672987,19.0655636508478,-15.685613533123,0.344999998807907,519.200306547097,2716.96700404538,2142.28650568033
NGA,LMI,404649527537.713,-1.61686895000074,20.9831097070443,4.10674619457703,18.1731317261623,-8.85037430999876,8.67969778192253,-4.31763556852557,9.21810969847713,11.4760813002275,-8.96158557223453,11.5044091822474,59.7850976776362,-0.815421274203274,15.3667361456764,-6.41208681436309,86.9195633381036,-5.86810569363671,2470,185989640,15.8408416622038,0.670596860349638,7.05999994277954,5710.84467370005,15728.7734238985,8762.25220670438
NIC,LMI,13184989877.5664,4.65875919160213,14.9271325136011,4.35667598599198,24.2890828310412,3.03775608984158,13.7612832894539,2.82306189826478,39.1019915791444,4.48137313492754,5.70269439986346,55.9931389460027,50.8990474495015,5.16592172067509,30.7109002915187,3.91419515705832,86.1802471018403,5.74498028252404,2040,6149928,23.1387589053825,-7.50315327646345,4.44700002670288,1993.5682628275,6115.00740882246,4188.77662574853
NLD,HI,777227541581.307,2.20994151591842,1.64280194295522,1.90055786888688,17.9578191423501,2.74560936188206,10.9085578552917,3.02147443243676,82.4485049975735,4.3153190774282,4.09904367238335,71.4403230099012,70.2079724923538,1.9885031226613,20.0556187299062,3.09601619010853,68.9361992824216,1.40966899123032,46610,17030314,29.1828910507151,8.09492428991583,6.01000022888184,78713.8440087882,119730.102892719,90123.6759141348
NOR,HI,371075238095.238,1.09146507169045,2.13340767755993,-1.30581086567916,28.2922023258022,-0.0134250193440408,6.73961640432309,-4.2248633198886,34.1366402398179,-1.80373660391176,2.3336607967091,33.2731906505933,58.0720056771955,1.54205964672902,29.3178575003401,4.959628279131,69.8186929104353,1.72631395552638,82010,5234519,33.1076039691166,3.9792220529906,4.67999982833862,127064.881279144,298201.417047721,124687.263697833
NPL,LI,21185922407.5922,0.588678498822517,29.1491983212871,0.226274370374924,13.096932833213,-6.36314603337303,5.36876419333363,-7.99871272401734,9.46839939713689,-13.6550574506834,2.75852013916888,39.2830449286747,49.9643750623496,2.35148618588454,33.881986464436,10.7021390288036,95.9326590672853,-0.704872217351863,730,28982771,40.71846128486,-0.792176595649065,3.06200003623962,531.760551776438,2023.92545382043,3006.46160076262
OMN,HI,66824447334.2003,5.38416593631317,1.92574141822994,7.74729075397742,44.3862380322254,3.17514813214395,32.8893905191874,1.92168568920104,46.5828598116292,6.13181210350933,-9.53593280540916,46.7074025064217,53.6891881373083,0.170645609221552,32.5173192184946,-16.9896046334602,67.607223476298,4.66770806790566,16200,4424762,14.0344049194365,-18.459315957995,3.26600003242493,8321.0143747959,49879.2637899841,24413.7635761935
PAK,LMI,278654637737.69,5.52673584474448,23.2151987886214,0.153947947428819,18.2571020895745,5.69337865276449,12.080755043235,3.68584373770777,9.14572693911771,-1.60330440209253,16.0218580660307,16.1605045709581,52.7725776425917,5.72280316112497,15.686124563479,7.27257513490052,91.3286530683614,7.69769342565989,1500,193203476,23.0596049630287,-2.5458036720989,3.84400010108948,1689.83826106023,2828.86479257751,5489.47083463903
PAN,HI,57957594212.2216,4.96646184067421,2.60201686991992,0.773908880853867,28.428615017885,10.0241783788602,6.17214157360917,1.08802189904694,42.1780488420464,-3.92431962792695,-5.54124578454768,45.0999049445522,64.9966281517182,4.07423785705092,40.5202498349629,-1.43636726207306,62.4016062675432,6.93480402128144,12400,4034119,27.4454533283861,-7.99532841724276,4.35300016403198,4041.17229799571,34180.9735915119,22844.6577686914
PER,MHI,191639655121.33,3.95130919243149,6.94771050845466,1.69835702418312,30.3617948587128,4.20284714918182,13.1936617486313,-0.552138977420654,22.4382076149925,11.422182924963,1.52479207380812,22.8165299171463,54.4875332983922,4.08677736031997,22.1025567290195,-4.40957886044592,78.2757655731343,3.58358082193261,5950,31773839,19.6417662513643,-2.76753277453921,3.52999997138977,2477.95087630396,23427.0555370773,10779.4336970758
PHL,LMI,304889079564.142,6.8757148228183,9.65516734793738,-1.22487684415916,30.7467126770386,8.03892493510565,19.6473606977716,7.00349968539737,28.1023044656714,10.681005620088,18.5021519596181,37.4042672539695,59.5981199757146,7.53764726454804,24.4091267909007,24.5450012338501,84.8928359967068,7.37733098094704,3580,103320222,43.593228991942,-0.393216590023692,2.71000003814697,2295.37578127012,12931.254351404,6821.31417828075
POL,HI,471992087443.889,3.06260036695409,2.38072722114521,3.02766408313739,29.5694724444311,0.714680766771664,18.0538301832453,4.49358084484142,52.1945482055889,8.84885478534999,7.64039801775654,48.1581441632744,56.377692476326,3.2944452206543,19.5868384062861,-2.02677665179076,76.3767575513994,3.45699434375646,12670,37970087,19.1412061498717,-0.52077144201961,6.15999984741211,6442.19982692205,31371.3610934601,34301.9324297342
PRT,HI,205184480409.024,1.619414632551,1.89699096323224,-7.35754865353199,19.3528492876464,0.582942555384221,12.1538004861807,1.35485282881427,40.1287129655498,4.42831462829328,4.22657563483888,39.0084437134665,65.6215162952622,1.62483198382917,15.4819651341997,0.76686644381094,83.3977656137171,1.75209501448268,19850,10325452,15.0872546091039,0.585316382294326,11.0699996948242,14152.8315861661,39024.98273049,49376.41292146
PRY,MHI,36054281572.3981,4.31290497002365,10.7512806630683,3.14095302660876,34.5305258266914,6.77123525258378,19.0798869205601,4.57477453721174,35.7684306086169,8.35344818117782,0.947051771899268,30.0077096834513,47.5341549017912,2.79782197429121,19.7239736608687,-1.029339663146,74.5153054139658,2.52119123548557,5430,6725308,23.4906436526171,3.53853372133608,5.25,6130.97707832033,20461.7377762851,8244.64968162944
PSE,LMI,13425700000,4.70843525605618,3.15588758872908,-8.13152632748279,19.5587567128716,7.49216955523073,10.9856469308863,6.18832084291756,17.7346432588245,1.92463966468499,0.213595839524515,56.8067214372435,63.3590799734837,3.85638953230496,21.0566301943288,4.83678195264061,118.191230252426,2.92820290654167,3380,4551566,6.42502324615774,-14.4598252792661,26.8899993896484,4939.48683755191,8084.23501626799,13981.8874165046
ROU,MHI,188494136775.719,4.80081006663333,4.0617386151523,4.0111928433638,30.0637638776091,6.87919064754301,20.120229700521,6.38022980581694,41.1855862374163,16.0120053678051,16.5360537304488,42.1123633803899,55.5805678315237,4.0633227431918,23.3333734133854,-0.18642392840691,77.5934037295882,6.98043150370124,9530,19702332,21.2550291586067,-2.10113280853822,5.90000009536743,5053.61560577918,26505.5679428946,26192.5007841343
RUS,MHI,1284727602174.304,-0.22491098425823,4.18336064795641,3.32770276720677,29.2819513687625,-0.129812108518223,11.9734627636122,1.14871841996119,25.6989769255192,3.12835487618597,-3.75454264512986,20.5264009598018,56.6205040093069,-0.546216449369084,22.8347388708508,1.53233376443411,70.8777906649074,-3.50712826087562,9720,144342396,25.8680019895285,1.90835239769945,5.53700017929077,13422.35502192,25241.7798462612,18510.70047593
RWA,LI,8475681532.52169,5.98131491296596,29.3095249406781,3.8801818181818,16.3696237673086,6.68856841887198,5.80962767589265,6.63465285259126,14.9203004034624,12.9315960531102,-1.0692061291966,33.1042385507186,47.2925786508881,7.17702240196397,25.3283143197003,10.0299650561345,92.301842804481,0.954975577515185,710,11917508,11.3953626909829,-15.7601356329928,1.23199999332428,538.99169985105,3138.51316451222,3028.92951736003
SAU,HI,644935541440,1.67064234738177,2.68562239486141,0.633552781485378,43.1574510312353,2.45411575143815,12.9071296769913,3.1984131767387,31.1441976901325,7.99781372636816,-20.3279778948518,30.717819162361,54.1569059785635,0.791328574592853,30.9326209905004,-14.2691998803469,68.6410195389298,-6.7821968905006,21730,32275687,27.2475330946979,-3.69692028169343,5.65000009536743,20967.2530948049,141577.967526427,29954.6873573462
SGP,HI,309763879840.753,2.39702145797342,0.029934186851017,-1.45482388973969,23.7241867295043,3.22377968547045,17.6810562631853,3.70052475054253,168.191970440633,1.10481494115704,0.111850183604219,142.064145620822,70.0492687272105,1.63067211252085,27.0295425420644,4.82188864087536,46.689035908873,2.10717200720416,52350,5607283,46.180454379687,18.9966116062521,1.79999995231628,24959.537456628,137060.759804848,79390.5139927865
SLE,LI,3556036534.56923,6.05547402877262,58.2087413276203,3.38562670954245,5.61093425781216,28.7851251673752,1.82070787825313,4.5804786789968,24.9140932574707,21.7182447246336,23.9271220504241,54.5019093119078,33.286093643891,4.13800104139546,20.1216908396428,8.27768898568915,114.543463910412,11.1961122090992,480,7396190,-13.4037937589891,-4.56573333380951,4.59800004959106,1169.06163025004,2513.56968714705,1507.61313572033
SLV,LMI,23912227500,2.58057746976483,5.94695747186246,8.48551150372568,23.0928716281242,3.7224988920791,15.7035976677622,1.30633539554906,27.8650326490913,1.55999999999999,-1.22000000000003,44.094971913428,60.507453770252,2.29236199090175,15.106497293069,1.52000000000001,101.123410606561,1.27999999999999,3490,6344722,12.9047822870553,-2.08966907350177,4.42000007629395,2540.38306738387,9091.33116443377,8141.45174044316
SRB,MHI,38299854688.1277,2.79732371859058,6.48502600020826,8.09804234030635,25.7988416226893,2.3650524926631,15.6281263730584,2.16139662972866,50.0232664685935,12.0467318920905,9.01127549494277,57.4752258801968,50.0967613854708,2.79386863943725,19.0786755307,6.86717322310318,88.3731759485157,1.22591502395204,5300,7058322,14.9088659361779,-3.10649295243547,15.2600002288818,6907.36437778709,15550.4965478088,13816.981213079
SVK,HI,89768598023.3903,3.32469529596402,3.32389916717071,5.53121063105057,31.4374407776941,6.61224495460024,20.4455540718737,10.9398526062152,94.6246102131349,6.23755077076287,3.72668483989247,91.122499176442,55.6369999218523,1.41702273519306,22.5704027822867,-3.49159763619524,73.9274861810204,2.3934093088924,17010,5430798,22.9768626795723,-2.14240089739552,9.67000007629395,50221.1827030102,40252.6158670584,35971.54271969
SVN,HI,44708598648.8562,3.14835548996039,1.8813570599483,-2.04396949707551,27.9828388061276,2.90438879674899,20.1306140143195,4.88509944239384,77.6540947376561,6.44670664342877,6.58777708580153,68.498124766675,56.7539911537303,3.47145566107547,18.7005077623097,-0.0748309293776401,72.1435222667091,3.75577865715093,21700,2065042,24.1984966839978,5.51419081618287,8,20789.9503562426,43641.5853126059,53316.4858534463
SWE,HI,514459972806.171,3.23494192235782,1.14851927510022,1.22426989670802,21.6970479036288,2.87467539397387,13.5104370185084,2.78702003977361,44.2732272642448,3.27655265280775,3.36488467586729,39.4343945539436,65.5638777861071,3.09220118754911,24.7494211998632,5.54572173731324,70.4117460898356,2.49081682130077,54530,9923085,29.3798122874255,4.21098806260051,6.98999977111816,82161.0468588349,135565.564238076,93854.2388693632
SWZ,LMI,3817430000,3.22247241618905,8.95498753594449,-7.3420158216735,34.9933017620795,2.19886249943923,30.9804158820672,1.141258137127,47.9870397607149,-1.92123337372909,10.8727171013741,52.5534921039387,51.9040624412173,5.79154985542981,12.0542961309388,13.6871545462103,98.3957455241264,6.3839476930758,3020,1343098,13.3920071844286,14.173337685816,26.3479995727539,2203.24192519837,43014.1753937061,45098.2475417647
TGO,LI,4457732624.94515,5.09999205281729,40.7421716590908,7.99301811532582,17.1518039268053,5.68739342840388,4.63149600222737,2.10255370940438,42.1580179400425,5.22227475672685,-3.54490460658759,61.8286783442382,29.9133406898201,2.54479072494902,22.5210594248776,25.6659864859911,95.854391497243,-1.89439346394227,600,7606374,12.779285237357,-9.78816508381039,1.84200000762939,1058.06893950928,724.436464834991,1944.76054179999
THA,MHI,411755164832.674,3.28268307477235,8.50476572189377,-2.45172825949645,35.7783668393141,2.8661857932946,27.390641260951,2.29688202529013,68.4668463667499,2.78859864324433,-1.0144247394161,53.7013068106561,55.7168674387922,4.64615567232933,21.079755529906,-7.36692994351699,66.893492437287,2.805523393803,5700,68863514,30.0664263225416,11.7078885577075,0.936999976634979,2797.80746377302,17181.546798556,13031.2542586469
TUR,MHI,863721731068.508,3.18381907738632,6.18374591627609,-2.57935594835389,28.1832935535241,4.60034233644969,16.5986307976229,3.83927288439405,21.9650806240766,-1.86832198956985,3.74654587597716,24.8505614281782,53.763056607448,3.15524410268804,28.2266367289419,3.6842733393935,74.6588346062106,4.70078486879413,11230,79512426,24.471882300579,-3.83653656126103,10.8400001525879,15107.6683909906,41271.6571766358,40918.5484170742
TZA,LI,47388394818.1193,6.96807186932486,29.2337598872923,2.10099671996404,24.9326615382045,10.7252694361796,4.91512960224206,7.77721255794243,19.5923050815116,-11.7397685042648,1.6240709505615,22.7387359300239,39.2123028270466,7.56126881431413,25.0492426910632,-3.14347975649382,75.6171598998629,9.27564633428619,900,55572201,24.1790508300956,-4.54677691896362,2.16799998283386,669.399575626587,7548.444353198,3185.6141321709
UGA,LI,24133664284.5033,4.78100029145199,23.6543451870504,2.80933065681026,20.6294234938267,4.5526067401409,8.71151843833688,0.59506005065353,18.5393752724867,2.92952292010931,-9.33195347554509,28.5751463247899,47.4647090599867,6.17992470867976,25.4623339878068,8.26937810834994,84.5674877858144,-0.590756061225733,630,41487965,19.6149182983833,-2.76781012742258,2.00999999046326,575.380679335049,5041.97778951788,4138.16506702388
UKR,LMI,93355993628.5042,2.44099473810617,11.7257009089167,6.33302895519749,23.1783620717483,1.37185256152188,12.2191260296634,3.66736976161101,49.2986194577187,-1.81749090067036,9.30066718236317,56.2225854554037,49.9142479962203,2.45674728156308,21.7241623615989,42.7691322446366,85.1998036360862,1.98140284702104,2310,45004645,17.6919034597192,-1.43536579486511,9.35000038146973,4829.22653429434,5333.14901714123,6412.71739139328
URY,HI,52687612261.5424,1.68979816237868,5.89193972971934,2.54374009071047,25.5392781241608,1.06697010350416,12.8180677583115,0.725579185083518,21.4275434636214,-0.157136132903403,-6.20777306992751,19.8826827745052,59.6925023353843,1.80753657433664,17.7983886688053,-3.92055664628431,80.656750648371,0.437529938039646,15200,3444006,16.7365343081855,0.778827854809157,7.84000015258789,25382.6028346253,33122.2273299081,25581.4005408966
USA,HI,18624475000000,1.48527919319147,1.01445991363515,11.2814705869709,18.8804339773336,0.121771667470867,11.6006451779178,0.540861148853196,11.8906224202293,-0.328764881067443,1.27075420507776,14.6892999668447,77.021527226942,1.65266574294401,19.6887858583933,-1.38428056056162,83.1098970575009,2.42519518521343,56800,323405935,18.0731913248561,-2.32422121965854,4.86999988555908,83735.8074609463,111834.786132318,104073.226137808
VCT,MHI,770762204.076067,1.97545593919382,6.91696475274142,6.48304466102955,14.8380300380066,0.89801516146224,4.96072808386964,1.9413945657361,37.7928636425727,6.37362812506896,14.012386751041,58.0132811494628,62.7152320418753,0.366589501167041,26.7069988377193,13.2118867411427,101.865741251715,1.40702450918417,7270,109643,9.96514952900819,-15.1844475549801,18.2110004425049,15958.0494885657,19384.3112299548,11888.310263575
VNM,LMI,205276172134.901,6.21081166789989,16.3196440917105,1.35708355673935,32.7150421754965,7.57289973341098,14.2655138556961,11.9000388602207,93.6239390610103,13.8633628752381,15.2853220639215,91.0623392504064,40.9246784119778,6.98369831716361,26.5780582592839,9.71005937102159,75.0522849122966,7.32086818648764,2060,94569072,24.6532046512196,4.01166872626025,2.09999990463257,1080.25456417942,4117.06728867579,3405.4955831171
ZAF,MHI,295746599722.066,0.565344943824186,2.1781735861463,-10.2370256665409,26.0091425867788,-0.843613565266892,12.0401725791235,0.909329422351874,30.7025974063212,0.966956573847042,-3.77953448356995,30.0879276083828,61.0205897336727,1.68480358756801,19.3530739312147,-8.05757678467729,80.2471473023464,1.0024595604299,5490,56015473,16.3558526037048,-2.73319669455103,26.5499992370605,9801.2083455893,28763.0263092006,23605.3994077927
ZWE,LMI,20548678100,0.75586925093063,7.87398582101493,-3.88244838020275,22.1150590703934,1.32808593290308,11.5960198919073,0.555004759101436,19.9435315500903,21.0007909137012,-3.27622488032851,31.2754930936409,60.4099015011579,3.26632839696074,9.86137059590222,0.469254011532655,101.470590460999,-6.73575506613008,1120,16150362,-1.21886610594727,-3.4939727749979,5.0460000038147,273.593509784468,5788.11002024045,5758.13923856715
